{"cameraMode":{"drawMode":0,"name":"Shaded","section":"Shading Mode"},"sceneLighting":false,"audioPlay":false,"sceneViewState":{"showFog":true,"showMaterialUpdate":false,"showSkybox":false,"showFlares":true,"showImageEffects":true,"showParticleSystems":true},"in2DMode":false,"pivot":{"x":1.0399999618530274,"y":8.329999923706055,"z":-4.179999828338623},"rotation":{"x":0.11378679424524307,"y":0.8102082014083862,"z":-0.16761423647403718,"w":0.5500195026397705},"size":4.062019348144531,"orthographic":false}