{"cameraMode":{"drawMode":0,"name":"Shaded","section":"Shading Mode"},"sceneLighting":false,"audioPlay":false,"sceneViewState":{"showFog":true,"showMaterialUpdate":false,"showSkybox":false,"showFlares":true,"showImageEffects":true,"showParticleSystems":true},"in2DMode":false,"pivot":{"x":-0.20650649070739747,"y":0.7599999904632568,"z":25.556316375732423},"rotation":{"x":0.004399410914629698,"y":0.2102147340774536,"z":0.0009462664602324367,"w":-0.9776468276977539},"size":2.598076105117798,"orthographic":false}