{"cameraMode":{"drawMode":0,"name":"Shaded","section":"Shading Mode"},"sceneLighting":true,"audioPlay":false,"sceneViewState":{"showFog":true,"showMaterialUpdate":false,"showSkybox":true,"showFlares":true,"showImageEffects":true,"showParticleSystems":true},"in2DMode":false,"pivot":{"x":4.468116760253906,"y":6.095162391662598,"z":-4.6116180419921879},"rotation":{"x":0.2025929093360901,"y":-0.3187285363674164,"z":0.06993652135133743,"w":0.9232980012893677},"size":1.8968777656555176,"orthographic":false}